event_time,available_time,instrument,price
2024-01-01T00:00:00Z,2024-01-01T00:00:00Z,SYNTH,100
2024-01-02T00:00:00Z,2024-01-02T00:00:00Z,SYNTH,101
2024-01-03T00:00:00Z,2024-01-03T00:00:00Z,SYNTH,102
2024-01-04T00:00:00Z,2024-01-04T00:00:00Z,SYNTH,103
2024-01-05T00:00:00Z,2024-01-05T00:00:00Z,SYNTH,104
2024-01-06T00:00:00Z,2024-01-06T00:00:00Z,SYNTH,105
2024-01-07T00:00:00Z,2024-01-07T00:00:00Z,SYNTH,104
2024-01-08T00:00:00Z,2024-01-08T00:00:00Z,SYNTH,103
2024-01-09T00:00:00Z,2024-01-09T00:00:00Z,SYNTH,102
2024-01-10T00:00:00Z,2024-01-10T00:00:00Z,SYNTH,101
2024-01-11T00:00:00Z,2024-01-11T00:00:00Z,SYNTH,100
2024-01-12T00:00:00Z,2024-01-12T00:00:00Z,SYNTH,99
2024-01-13T00:00:00Z,2024-01-13T00:00:00Z,SYNTH,98
2024-01-14T00:00:00Z,2024-01-14T00:00:00Z,SYNTH,99
2024-01-15T00:00:00Z,2024-01-15T00:00:00Z,SYNTH,100
2024-01-16T00:00:00Z,2024-01-16T00:00:00Z,SYNTH,101
2024-01-17T00:00:00Z,2024-01-17T00:00:00Z,SYNTH,102
2024-01-18T00:00:00Z,2024-01-18T00:00:00Z,SYNTH,103
2024-01-19T00:00:00Z,2024-01-19T00:00:00Z,SYNTH,104
2024-01-20T00:00:00Z,2024-01-20T00:00:00Z,SYNTH,105
2024-01-21T00:00:00Z,2024-01-21T00:00:00Z,SYNTH,106
2024-01-22T00:00:00Z,2024-01-22T00:00:00Z,SYNTH,107
2024-01-23T00:00:00Z,2024-01-23T00:00:00Z,SYNTH,108
2024-01-24T00:00:00Z,2024-01-24T00:00:00Z,SYNTH,107
2024-01-25T00:00:00Z,2024-01-25T00:00:00Z,SYNTH,106
2024-01-26T00:00:00Z,2024-01-26T00:00:00Z,SYNTH,105
2024-01-27T00:00:00Z,2024-01-27T00:00:00Z,SYNTH,104
2024-01-28T00:00:00Z,2024-01-28T00:00:00Z,SYNTH,103
2024-01-29T00:00:00Z,2024-01-29T00:00:00Z,SYNTH,102
2024-01-30T00:00:00Z,2024-01-30T00:00:00Z,SYNTH,101
2024-01-31T00:00:00Z,2024-01-31T00:00:00Z,SYNTH,100
2024-02-01T00:00:00Z,2024-02-01T00:00:00Z,SYNTH,101
2024-02-02T00:00:00Z,2024-02-02T00:00:00Z,SYNTH,102
2024-02-03T00:00:00Z,2024-02-03T00:00:00Z,SYNTH,103
2024-02-04T00:00:00Z,2024-02-04T00:00:00Z,SYNTH,104
2024-02-05T00:00:00Z,2024-02-05T00:00:00Z,SYNTH,105
2024-02-06T00:00:00Z,2024-02-06T00:00:00Z,SYNTH,106
2024-02-07T00:00:00Z,2024-02-07T00:00:00Z,SYNTH,107
2024-02-08T00:00:00Z,2024-02-08T00:00:00Z,SYNTH,108
2024-02-09T00:00:00Z,2024-02-09T00:00:00Z,SYNTH,109
2024-02-10T00:00:00Z,2024-02-10T00:00:00Z,SYNTH,110
2024-02-11T00:00:00Z,2024-02-11T00:00:00Z,SYNTH,111
2024-02-12T00:00:00Z,2024-02-12T00:00:00Z,SYNTH,112
2024-02-13T00:00:00Z,2024-02-13T00:00:00Z,SYNTH,113
2024-02-14T00:00:00Z,2024-02-14T00:00:00Z,SYNTH,114
