time,asset,observed_at,available_at,price,group
2024-01-01T16:00:00Z,asset_000,2024-01-01T16:00:00Z,2024-01-01T16:00:00Z,100,group_0
2024-01-01T16:00:00Z,asset_001,2024-01-01T16:00:00Z,2024-01-01T16:00:00Z,100,group_1
2024-01-01T16:00:00Z,asset_002,2024-01-01T16:00:00Z,2024-01-01T16:00:00Z,100,group_0
2024-01-01T16:00:00Z,asset_003,2024-01-01T16:00:00Z,2024-01-01T16:00:00Z,100,group_1
2024-01-02T16:00:00Z,asset_000,2024-01-02T16:00:00Z,2024-01-02T16:00:00Z,99.5584147098,group_0
2024-01-02T16:00:00Z,asset_001,2024-01-02T16:00:00Z,2024-01-02T16:00:00Z,99.8590929743,group_1
2024-01-02T16:00:00Z,asset_002,2024-01-02T16:00:00Z,2024-01-02T16:00:00Z,100.1514112,group_0
2024-01-02T16:00:00Z,asset_003,2024-01-02T16:00:00Z,2024-01-02T16:00:00Z,100.442431975,group_1
2024-01-03T16:00:00Z,asset_000,2024-01-03T16:00:00Z,2024-01-03T16:00:00Z,99.1194546647,group_0
2024-01-03T16:00:00Z,asset_001,2024-01-03T16:00:00Z,2024-01-03T16:00:00Z,99.7107135464,group_1
2024-01-03T16:00:00Z,asset_002,2024-01-03T16:00:00Z,2024-01-03T16:00:00Z,100.294058833,group_0
2024-01-03T16:00:00Z,asset_003,2024-01-03T16:00:00Z,2024-01-03T16:00:00Z,100.88479125,group_1
2024-01-04T16:00:00Z,asset_000,2024-01-04T16:00:00Z,2024-01-04T16:00:00Z,98.6748158925,group_0
2024-01-04T16:00:00Z,asset_001,2024-01-04T16:00:00Z,2024-01-04T16:00:00Z,99.5536013444,group_1
2024-01-04T16:00:00Z,asset_002,2024-01-04T16:00:00Z,2024-01-04T16:00:00Z,100.434882481,group_0
2024-01-04T16:00:00Z,asset_003,2024-01-04T16:00:00Z,2024-01-04T16:00:00Z,101.335953934,group_1
2024-01-05T16:00:00Z,asset_000,2024-01-05T16:00:00Z,2024-01-05T16:00:00Z,98.2233114863,group_0
2024-01-05T16:00:00Z,asset_001,2024-01-05T16:00:00Z,2024-01-05T16:00:00Z,99.3947245059,group_1
2024-01-05T16:00:00Z,asset_002,2024-01-05T16:00:00Z,2024-01-05T16:00:00Z,100.582728498,group_0
2024-01-05T16:00:00Z,asset_003,2024-01-05T16:00:00Z,2024-01-05T16:00:00Z,101.798623363,group_1
2024-01-06T16:00:00Z,asset_000,2024-01-06T16:00:00Z,2024-01-06T16:00:00Z,97.7718877129,group_0
2024-01-06T16:00:00Z,asset_001,2024-01-06T16:00:00Z,2024-01-06T16:00:00Z,99.2428551765,group_1
2024-01-06T16:00:00Z,asset_002,2024-01-06T16:00:00Z,2024-01-06T16:00:00Z,100.740210741,group_0
2024-01-06T16:00:00Z,asset_003,2024-01-06T16:00:00Z,2024-01-06T16:00:00Z,102.266788698,group_1
2024-01-07T16:00:00Z,asset_000,2024-01-07T16:00:00Z,2024-01-07T16:00:00Z,97.3291823201,group_0
2024-01-07T16:00:00Z,asset_001,2024-01-07T16:00:00Z,2024-01-07T16:00:00Z,99.1005110163,group_1
2024-01-07T16:00:00Z,asset_002,2024-01-07T16:00:00Z,2024-01-07T16:00:00Z,100.901287873,group_0
2024-01-07T16:00:00Z,asset_003,2024-01-07T16:00:00Z,2024-01-07T16:00:00Z,102.731203851,group_1
2024-01-08T16:00:00Z,asset_000,2024-01-08T16:00:00Z,2024-01-08T16:00:00Z,96.8975953965,group_0
2024-01-08T16:00:00Z,asset_001,2024-01-08T16:00:00Z,2024-01-08T16:00:00Z,98.9616648406,group_1
2024-01-08T16:00:00Z,asset_002,2024-01-08T16:00:00Z,2024-01-08T16:00:00Z,101.056798134,group_0
2024-01-08T16:00:00Z,asset_003,2024-01-08T16:00:00Z,2024-01-08T16:00:00Z,103.187905474,group_1
2024-01-09T16:00:00Z,asset_000,2024-01-09T16:00:00Z,2024-01-09T16:00:00Z,96.4711428607,group_0
2024-01-09T16:00:00Z,asset_001,2024-01-09T16:00:00Z,2024-01-09T16:00:00Z,98.8173007364,group_1
2024-01-09T16:00:00Z,asset_002,2024-01-09T16:00:00Z,2024-01-09T16:00:00Z,101.202885628,group_0
2024-01-09T16:00:00Z,asset_003,2024-01-09T16:00:00Z,2024-01-09T16:00:00Z,103.641932359,group_1
2024-01-10T16:00:00Z,asset_000,2024-01-10T16:00:00Z,2024-01-12T16:00:00Z,96.040998472,group_0
2024-01-10T16:00:00Z,asset_001,2024-01-10T16:00:00Z,2024-01-10T16:00:00Z,98.6636989156,group_1
2024-01-10T16:00:00Z,asset_002,2024-01-10T16:00:00Z,2024-01-10T16:00:00Z,101.344569767,group_0
2024-01-10T16:00:00Z,asset_003,2024-01-10T16:00:00Z,2024-01-10T16:00:00Z,104.102759909,group_1
2024-01-11T16:00:00Z,asset_000,2024-01-11T16:00:00Z,2024-01-11T16:00:00Z,95.6035891458,group_0
2024-01-11T16:00:00Z,asset_001,2024-01-11T16:00:00Z,2024-01-11T16:00:00Z,98.5058370939,group_1
2024-01-11T16:00:00Z,asset_002,2024-01-11T16:00:00Z,2024-01-11T16:00:00Z,101.491148746,group_0
2024-01-11T16:00:00Z,asset_003,2024-01-11T16:00:00Z,2024-01-11T16:00:00Z,104.575596384,group_1
2024-01-12T16:00:00Z,asset_000,2024-01-12T16:00:00Z,2024-01-12T16:00:00Z,95.1638127293,group_0
2024-01-12T16:00:00Z,asset_001,2024-01-12T16:00:00Z,2024-01-12T16:00:00Z,98.3527927818,group_1
2024-01-12T16:00:00Z,asset_002,2024-01-12T16:00:00Z,2024-01-12T16:00:00Z,101.647649793,group_0
2024-01-12T16:00:00Z,asset_003,2024-01-12T16:00:00Z,2024-01-12T16:00:00Z,105.056545903,group_1
2024-01-13T16:00:00Z,asset_000,2024-01-13T16:00:00Z,2024-01-13T16:00:00Z,94.7304693396,group_0
2024-01-13T16:00:00Z,asset_001,2024-01-13T16:00:00Z,2024-01-13T16:00:00Z,98.2093960528,group_1
2024-01-13T16:00:00Z,asset_002,2024-01-13T16:00:00Z,2024-01-13T16:00:00Z,101.810190558,group_0
2024-01-13T16:00:00Z,asset_003,2024-01-13T16:00:00Z,2024-01-13T16:00:00Z,105.536132059,group_1
2024-01-14T16:00:00Z,asset_000,2024-01-14T16:00:00Z,2024-01-14T16:00:00Z,94.3081624896,group_0
2024-01-14T16:00:00Z,asset_001,2024-01-14T16:00:00Z,2024-01-14T16:00:00Z,98.0718106538,group_1
2024-01-14T16:00:00Z,asset_002,2024-01-14T16:00:00Z,2024-01-14T16:00:00Z,101.969526437,group_0
2024-01-14T16:00:00Z,asset_003,2024-01-14T16:00:00Z,2024-01-14T16:00:00Z,106.008006233,group_1
2024-01-15T16:00:00Z,asset_000,2024-01-15T16:00:00Z,2024-01-15T16:00:00Z,93.8931179943,group_0
2024-01-15T16:00:00Z,asset_001,2024-01-15T16:00:00Z,2024-01-15T16:00:00Z,97.9310804284,group_1
2024-01-15T16:00:00Z,asset_002,2024-01-15T16:00:00Z,2024-01-15T16:00:00Z,102.11954499,group_0
2024-01-15T16:00:00Z,asset_003,2024-01-15T16:00:00Z,2024-01-15T16:00:00Z,106.474850678,group_1
2024-01-16T16:00:00Z,asset_000,2024-01-16T16:00:00Z,2024-01-16T16:00:00Z,93.4767047187,group_0
2024-01-16T16:00:00Z,asset_001,2024-01-16T16:00:00Z,2024-01-16T16:00:00Z,97.7813643394,group_1
2024-01-16T16:00:00Z,asset_002,2024-01-16T16:00:00Z,2024-01-16T16:00:00Z,102.26290656,group_0
2024-01-16T16:00:00Z,asset_003,2024-01-16T16:00:00Z,2024-01-16T16:00:00Z,106.94599138,group_1
2024-01-17T16:00:00Z,asset_000,2024-01-17T16:00:00Z,2024-01-17T16:00:00Z,93.0560595474,group_0
2024-01-17T16:00:00Z,asset_001,2024-01-17T16:00:00Z,2024-01-17T16:00:00Z,97.6346922929,group_1
2024-01-17T16:00:00Z,asset_002,2024-01-17T16:00:00Z,2024-01-17T16:00:00Z,102.41630092,group_0
2024-01-17T16:00:00Z,asset_003,2024-01-17T16:00:00Z,2024-01-17T16:00:00Z,107.427248342,group_1
2024-01-18T16:00:00Z,asset_000,2024-01-18T16:00:00Z,2024-01-18T16:00:00Z,92.6373072795,group_0
2024-01-18T16:00:00Z,asset_001,2024-01-18T16:00:00Z,2024-01-18T16:00:00Z,97.4882402545,group_1
2024-01-18T16:00:00Z,asset_002,2024-01-18T16:00:00Z,2024-01-18T16:00:00Z,102.569925372,group_0
2024-01-18T16:00:00Z,asset_003,2024-01-18T16:00:00Z,2024-01-18T16:00:00Z,107.910670959,group_1
2024-01-19T16:00:00Z,asset_000,2024-01-19T16:00:00Z,2024-01-19T16:00:00Z,93.0541751622,group_0
2024-01-19T16:00:00Z,asset_001,2024-01-19T16:00:00Z,2024-01-19T16:00:00Z,97.6344726149,group_1
2024-01-19T16:00:00Z,asset_002,2024-01-19T16:00:00Z,2024-01-19T16:00:00Z,102.416070484,group_0
2024-01-19T16:00:00Z,asset_003,2024-01-19T16:00:00Z,2024-01-19T16:00:00Z,,group_1
2024-01-20T16:00:00Z,asset_000,2024-01-20T16:00:00Z,2024-01-20T16:00:00Z,93.4729189505,group_0
2024-01-20T16:00:00Z,asset_001,2024-01-20T16:00:00Z,2024-01-20T16:00:00Z,97.7809243238,group_1
2024-01-20T16:00:00Z,asset_002,2024-01-20T16:00:00Z,2024-01-20T16:00:00Z,102.262446378,group_0
2024-01-20T16:00:00Z,asset_003,2024-01-20T16:00:00Z,2024-01-20T16:00:00Z,106.941660112,group_1
2024-01-21T16:00:00Z,asset_000,2024-01-21T16:00:00Z,2024-01-21T16:00:00Z,93.0522908152,group_0
2024-01-21T16:00:00Z,asset_001,2024-01-21T16:00:00Z,2024-01-21T16:00:00Z,97.6342529373,group_1
2024-01-21T16:00:00Z,asset_002,2024-01-21T16:00:00Z,2024-01-21T16:00:00Z,102.415840047,group_0
2024-01-21T16:00:00Z,asset_003,2024-01-21T16:00:00Z,2024-01-21T16:00:00Z,107.422897582,group_1
2024-01-22T16:00:00Z,asset_000,2024-01-22T16:00:00Z,2024-01-22T16:00:00Z,92.6335555065,group_0
2024-01-22T16:00:00Z,asset_001,2024-01-22T16:00:00Z,2024-01-22T16:00:00Z,97.4878015579,group_1
2024-01-22T16:00:00Z,asset_002,2024-01-22T16:00:00Z,2024-01-22T16:00:00Z,102.569463807,group_0
2024-01-22T16:00:00Z,asset_003,2024-01-22T16:00:00Z,2024-01-22T16:00:00Z,107.906300621,group_1
2024-01-23T16:00:00Z,asset_000,2024-01-23T16:00:00Z,2024-01-23T16:00:00Z,93.0504065063,group_0
2024-01-23T16:00:00Z,asset_001,2024-01-23T16:00:00Z,2024-01-23T16:00:00Z,97.6340332602,group_1
2024-01-23T16:00:00Z,asset_002,2024-01-23T16:00:00Z,2024-01-23T16:00:00Z,102.415609612,group_0
2024-01-23T16:00:00Z,asset_003,2024-01-23T16:00:00Z,2024-01-23T16:00:00Z,107.420722268,group_1
2024-01-24T16:00:00Z,asset_000,2024-01-24T16:00:00Z,2024-01-24T16:00:00Z,93.4691333356,group_0
2024-01-24T16:00:00Z,asset_001,2024-01-24T16:00:00Z,2024-01-24T16:00:00Z,97.7804843101,group_1
2024-01-24T16:00:00Z,asset_002,2024-01-24T16:00:00Z,2024-01-24T16:00:00Z,102.261986197,group_0
2024-01-24T16:00:00Z,asset_003,2024-01-24T16:00:00Z,2024-01-24T16:00:00Z,106.937329018,group_1
