time,asset,observed_at,available_at,price,group
2024-01-01T16:00:00Z,A,2024-01-01T16:00:00Z,2024-01-01T16:00:00Z,100,
2024-01-01T16:00:00Z,B,2024-01-01T16:00:00Z,2024-01-01T16:00:00Z,100,
2024-01-01T16:00:00Z,C,2024-01-01T16:00:00Z,2024-01-01T16:00:00Z,100,
2024-01-02T16:00:00Z,A,2024-01-02T16:00:00Z,2024-01-02T16:00:00Z,102,
2024-01-02T16:00:00Z,B,2024-01-02T16:00:00Z,2024-01-02T16:00:00Z,100,
2024-01-02T16:00:00Z,C,2024-01-02T16:00:00Z,2024-01-02T16:00:00Z,98,
2024-01-03T16:00:00Z,A,2024-01-03T16:00:00Z,2024-01-03T16:00:00Z,104,
2024-01-03T16:00:00Z,B,2024-01-03T16:00:00Z,2024-01-03T16:00:00Z,101,
2024-01-03T16:00:00Z,C,2024-01-03T16:00:00Z,2024-01-03T16:00:00Z,96,
2024-01-04T16:00:00Z,A,2024-01-04T16:00:00Z,2024-01-04T16:00:00Z,106,
2024-01-04T16:00:00Z,B,2024-01-04T16:00:00Z,2024-01-04T16:00:00Z,101,
2024-01-04T16:00:00Z,C,2024-01-04T16:00:00Z,2024-01-04T16:00:00Z,94,
2024-01-05T16:00:00Z,A,2024-01-05T16:00:00Z,2024-01-05T16:00:00Z,108,
2024-01-05T16:00:00Z,B,2024-01-05T16:00:00Z,2024-01-05T16:00:00Z,102,
2024-01-05T16:00:00Z,C,2024-01-05T16:00:00Z,2024-01-05T16:00:00Z,92,
2024-01-06T16:00:00Z,A,2024-01-06T16:00:00Z,2024-01-06T16:00:00Z,110,
2024-01-06T16:00:00Z,B,2024-01-06T16:00:00Z,2024-01-06T16:00:00Z,102,
2024-01-06T16:00:00Z,C,2024-01-06T16:00:00Z,2024-01-06T16:00:00Z,90,
2024-01-07T16:00:00Z,B,2024-01-07T16:00:00Z,2024-01-07T16:00:00Z,103,
2024-01-07T16:00:00Z,C,2024-01-07T16:00:00Z,2024-01-07T16:00:00Z,88,
2024-01-08T16:00:00Z,A,2024-01-08T16:00:00Z,2024-01-08T16:00:00Z,114,
2024-01-08T16:00:00Z,B,2024-01-08T16:00:00Z,2024-01-08T16:00:00Z,,
2024-01-08T16:00:00Z,C,2024-01-08T16:00:00Z,2024-01-08T16:00:00Z,86,
2024-01-09T16:00:00Z,A,2024-01-09T16:00:00Z,2024-01-09T16:00:00Z,116,
2024-01-09T16:00:00Z,B,2024-01-09T16:00:00Z,2024-01-09T16:00:00Z,104,
2024-01-09T16:00:00Z,C,2024-01-09T16:00:00Z,2024-01-09T16:00:00Z,84,
2024-01-10T16:00:00Z,A,2024-01-10T16:00:00Z,2024-01-10T16:00:00Z,112,
2024-01-10T16:00:00Z,B,2024-01-10T16:00:00Z,2024-01-10T16:00:00Z,105,
2024-01-10T16:00:00Z,C,2024-01-10T16:00:00Z,2024-01-10T16:00:00Z,88,
2024-01-11T16:00:00Z,A,2024-01-11T16:00:00Z,2024-01-11T16:00:00Z,114,
2024-01-11T16:00:00Z,B,2024-01-11T16:00:00Z,2024-01-11T16:00:00Z,104,
2024-01-11T16:00:00Z,C,2024-01-11T16:00:00Z,2024-01-11T16:00:00Z,86,
2024-01-12T16:00:00Z,A,2024-01-12T16:00:00Z,2024-01-12T16:00:00Z,110,
2024-01-12T16:00:00Z,B,2024-01-12T16:00:00Z,2024-01-12T16:00:00Z,106,
2024-01-12T16:00:00Z,C,2024-01-12T16:00:00Z,2024-01-12T16:00:00Z,90,
