Date,Ticker,Close
2024-01-01,A,100
2024-01-01,B,100
2024-01-01,C,100
2024-01-02,A,102
2024-01-02,B,100
2024-01-02,C,98
2024-01-03,A,104
2024-01-03,B,101
2024-01-03,C,96
2024-01-04,A,106
2024-01-04,B,101
2024-01-04,C,94
2024-01-05,A,108
2024-01-05,B,102
2024-01-05,C,92
2024-01-06,A,110
2024-01-06,B,102
2024-01-06,C,90
2024-01-07,B,103
2024-01-07,C,88
2024-01-08,A,114
2024-01-08,B,
2024-01-08,C,86
2024-01-09,A,116
2024-01-09,B,104
2024-01-09,C,84
2024-01-10,A,112
2024-01-10,B,105
2024-01-10,C,88
2024-01-11,A,114
2024-01-11,B,104
2024-01-11,C,86
2024-01-12,A,110
2024-01-12,B,106
2024-01-12,C,90
